<?xml version="1.0" encoding="UTF-8"?>
<project-private xmlns="http://www.netbeans.org/ns/project-private/1">
    <editor-bookmarks xmlns="http://www.netbeans.org/ns/editor-bookmarks/2" lastBookmarkId="0"/>
    <open-files xmlns="http://www.netbeans.org/ns/projectui-open-files/2">
        <group>
            <file>file:/D:/Java%20Nâng%20Cao/DoAnCuoiKy2/RabbitChat/SendFile-RabbitChat/src/sendfile/client/LoginForm.java</file>
            <file>file:/D:/Java%20Nâng%20Cao/DoAnCuoiKy2/RabbitChat/SendFile-RabbitChat/src/sendfile/server/MainForm.java</file>
            <file>file:/D:/Java%20Nâng%20Cao/DoAnCuoiKy2/RabbitChat/SendFile-RabbitChat/src/sendfile/client/ClientThread.java</file>
            <file>file:/D:/Java%20Nâng%20Cao/DoAnCuoiKy2/RabbitChat/SendFile-RabbitChat/src/sendfile/client/SendingFileThread.java</file>
            <file>file:/D:/Java%20Nâng%20Cao/DoAnCuoiKy2/RabbitChat/SendFile-RabbitChat/src/sendfile/client/MainForm.java</file>
            <file>file:/D:/Java%20Nâng%20Cao/DoAnCuoiKy2/RabbitChat/SendFile-RabbitChat/src/sendfile/client/ReceivingFileThread.java</file>
            <file>file:/D:/Java%20Nâng%20Cao/DoAnCuoiKy2/RabbitChat/SendFile-RabbitChat/src/sendfile/server/ServerThread.java</file>
            <file>file:/D:/Java%20Nâng%20Cao/DoAnCuoiKy2/RabbitChat/SendFile-RabbitChat/src/sendfile/client/SendFile.java</file>
            <file>file:/D:/Java%20Nâng%20Cao/DoAnCuoiKy2/RabbitChat/SendFile-RabbitChat/src/sendfile/server/OnlineListThread.java</file>
            <file>file:/D:/Java%20Nâng%20Cao/DoAnCuoiKy2/RabbitChat/SendFile-RabbitChat/src/sendfile/server/SocketThread.java</file>
        </group>
    </open-files>
</project-private>
